"datetime","chest.temp","chest.activity"
2017-10-19 20:49:00,32.118,7.2
2017-10-19 20:54:00,32.362,1.2
2017-10-19 20:59:00,33.062,5.6
2017-10-19 21:04:00,33.166,8.4
2017-10-19 21:09:00,32.958,17.2
2017-10-19 21:14:00,32.814,31.6
2017-10-19 21:19:00,33.206,2.8
2017-10-19 21:24:00,33.818,14.8
2017-10-19 21:29:00,34.178,6.8
2017-10-19 21:34:00,34.066,2.4
2017-10-19 21:39:00,34.034,8.4
2017-10-19 21:44:00,34.162,5.6
2017-10-19 21:49:00,34.438,10
2017-10-19 21:54:00,34.382,0
2017-10-19 21:59:00,33.926,0.4
2017-10-19 22:04:00,33.586,0
2017-10-19 22:09:00,33.386,0.4
2017-10-19 22:14:00,33.166,1.2
2017-10-19 22:19:00,33.15,4.8
2017-10-19 22:24:00,33.046,91.2
2017-10-19 22:29:00,32.73,24.8
2017-10-19 22:34:00,32.646,9.2
2017-10-19 22:39:00,32.722,4.4
2017-10-19 22:44:00,32.714,1.2
2017-10-19 22:49:00,32.746,0
2017-10-19 22:54:00,32.798,0
2017-10-19 22:59:00,32.89,0
2017-10-19 23:04:00,33.118,11.6
2017-10-19 23:09:00,32.986,1.6
2017-10-19 23:14:00,32.554,1.2
2017-10-19 23:19:00,32.282,2.4
2017-10-19 23:24:00,32.346,3.2
2017-10-19 23:29:00,32.518,0
2017-10-19 23:34:00,32.83,3.2
2017-10-19 23:39:00,32.634,3.2
2017-10-19 23:44:00,32.262,2
2017-10-19 23:49:00,32.07,7.2
2017-10-19 23:54:00,32.306,0.4
2017-10-19 23:59:00,32.346,3.2
2017-10-20 00:04:00,32.27,1.2
2017-10-20 00:09:00,32.194,0.8
2017-10-20 00:14:00,32.11,0
2017-10-20 00:19:00,32.054,0
2017-10-20 00:24:00,32.022,0.4
2017-10-20 00:29:00,31.942,0.4
2017-10-20 00:34:00,31.906,0.8
2017-10-20 00:39:00,31.858,0.8
2017-10-20 00:44:00,31.762,1.6
2017-10-20 00:49:00,31.674,3.6
2017-10-20 00:54:00,31.63,1.2
2017-10-20 00:59:00,31.598,0.8
2017-10-20 01:04:00,31.754,4.4
2017-10-20 01:09:00,32.086,0.8
2017-10-20 01:14:00,32.262,0
2017-10-20 01:19:00,32.234,7.2
2017-10-20 01:24:00,31.558,9.2
2017-10-20 01:29:00,31.598,0
2017-10-20 01:34:00,31.798,0
2017-10-20 01:39:00,32.05,0
2017-10-20 01:44:00,32.258,0
2017-10-20 01:49:00,32.33,8.4
2017-10-20 01:54:00,32.282,1.2
2017-10-20 01:59:00,32.126,3.6
2017-10-20 02:04:00,31.974,5.2
2017-10-20 02:09:00,31.918,10
2017-10-20 02:14:00,32.142,9.2
2017-10-20 02:19:00,32.682,0
2017-10-20 02:24:00,32.858,1.6
2017-10-20 02:29:00,33.166,12.4
2017-10-20 02:34:00,33.062,32
2017-10-20 02:39:00,32.57,46
2017-10-20 02:44:00,32.77,0.8
2017-10-20 02:49:00,33.186,4.8
2017-10-20 02:54:00,33.482,10.4
2017-10-20 02:59:00,33.77,0
2017-10-20 03:04:00,33.986,0
2017-10-20 03:09:00,34.114,0
2017-10-20 03:14:00,34.586,11.2
2017-10-20 03:19:00,34.49,0
2017-10-20 03:24:00,34.286,0
2017-10-20 03:29:00,34.226,5.2
2017-10-20 03:34:00,34.562,2
2017-10-20 03:39:00,34.574,2.8
2017-10-20 03:44:00,34.722,2.8
2017-10-20 03:49:00,34.658,6.8
2017-10-20 03:54:00,34.922,14.8
2017-10-20 03:59:00,35.146,1
2017-10-20 04:04:00,35.058,11
2017-10-20 04:09:00,35.118,8.8
2017-10-20 04:14:00,35.054,2
2017-10-20 04:19:00,34.69,6
2017-10-20 04:24:00,34.63,11.6
2017-10-20 04:29:00,34.674,0.8
2017-10-20 04:34:00,34.746,22.4
2017-10-20 04:39:00,34.542,1
2017-10-20 04:44:00,34.366,0
2017-10-20 04:49:00,34.406,5.2
2017-10-20 04:54:00,34.862,5.2
2017-10-20 04:59:00,34.666,0
2017-10-20 05:04:00,34.83,14.4
2017-10-20 05:09:00,34.802,3.2
2017-10-20 05:14:00,34.814,1.2
2017-10-20 05:19:00,34.85,15.2
2017-10-20 05:24:00,34.718,41.4
2017-10-20 05:29:00,35.178,25.6
2017-10-20 05:34:00,34.706,28
2017-10-20 05:39:00,34.63,57
2017-10-20 05:44:00,34.122,171.6
2017-10-20 05:49:00,33.334,90
2017-10-20 05:54:00,33.498,19.6
2017-10-20 05:59:00,33.61,13.2
2017-10-20 06:04:00,33.466,30
2017-10-20 06:09:00,33.442,31.6
2017-10-20 06:14:00,33.41,34.4
2017-10-20 06:19:00,33.186,146.8
2017-10-20 06:24:00,32.902,63.2
2017-10-20 06:29:00,32.67,13.6
2017-10-20 06:34:00,32.694,77.8
2017-10-20 06:39:00,32.826,143.8
2017-10-20 06:44:00,33.25,155.4
2017-10-20 06:49:00,33.022,212.8
2017-10-20 06:54:00,32.638,194.2
2017-10-20 06:59:00,32.266,247.4
2017-10-20 07:04:00,31.93,248
2017-10-20 07:09:00,NA,NA
2017-10-20 07:14:00,NA,NA
2017-10-20 07:19:00,NA,NA
2017-10-20 07:24:00,NA,NA
2017-10-20 07:29:00,NA,NA
2017-10-20 07:34:00,NA,NA
2017-10-20 07:39:00,NA,NA
2017-10-20 07:44:00,NA,NA
2017-10-20 07:49:00,NA,NA
2017-10-20 07:54:00,NA,NA
2017-10-20 07:59:00,NA,NA
2017-10-20 08:04:00,32.09,206
2017-10-20 08:09:00,32.214,135.2
2017-10-20 08:14:00,32.51,27.2
2017-10-20 08:19:00,32.854,110.2
2017-10-20 08:24:00,33.114,171.8
2017-10-20 08:29:00,33.362,120.8
2017-10-20 08:34:00,33.346,102.8
2017-10-20 08:39:00,33.318,25.6
2017-10-20 08:44:00,33.598,161.2
2017-10-20 08:49:00,33.466,108.8
2017-10-20 08:54:00,33.498,16.8
2017-10-20 08:59:00,33.802,106.6
2017-10-20 09:04:00,33.834,193.6
2017-10-20 09:09:00,33.822,152
2017-10-20 09:14:00,33.846,202.8
2017-10-20 09:19:00,33.806,162.8
2017-10-20 09:24:00,34.07,69.4
2017-10-20 09:29:00,34.314,86.8
2017-10-20 09:34:00,34.238,50.8
2017-10-20 09:39:00,34.274,29.6
2017-10-20 09:44:00,34.298,116
2017-10-20 09:49:00,34.186,173.2
2017-10-20 09:54:00,34.066,92
2017-10-20 09:59:00,33.986,42.4
2017-10-20 10:04:00,34.218,152.8
2017-10-20 10:09:00,34.258,106.4
2017-10-20 10:14:00,34.334,65.6
2017-10-20 10:19:00,34.514,44.8
2017-10-20 10:24:00,34.638,97.8
2017-10-20 10:29:00,34.518,43.4
2017-10-20 10:34:00,34.586,34.8
2017-10-20 10:39:00,34.75,62.2
2017-10-20 10:44:00,35.03,70.6
2017-10-20 10:49:00,35.294,25.6
2017-10-20 10:54:00,35.258,29.4
2017-10-20 10:59:00,35.194,134.6
2017-10-20 11:04:00,34.982,185.2
2017-10-20 11:09:00,34.882,48
2017-10-20 11:14:00,34.974,16.4
2017-10-20 11:19:00,34.97,51.6
2017-10-20 11:24:00,35.05,25.8
2017-10-20 11:29:00,35.058,18.8
2017-10-20 11:34:00,35.27,28
2017-10-20 11:39:00,35.35,47.2
2017-10-20 11:44:00,35.198,114
2017-10-20 11:49:00,35.006,29.2
2017-10-20 11:54:00,35.086,14.8
2017-10-20 11:59:00,35.15,71.8
2017-10-20 12:04:00,35.29,36.6
2017-10-20 12:09:00,35.226,80.8
2017-10-20 12:14:00,35.118,38
2017-10-20 12:19:00,35.154,66.6
2017-10-20 12:24:00,34.994,152.2
2017-10-20 12:29:00,34.69,28.6
2017-10-20 12:34:00,34.942,56
2017-10-20 12:39:00,34.762,128.4
2017-10-20 12:44:00,34.43,162.4
2017-10-20 12:49:00,34.518,116.8
2017-10-20 12:54:00,34.658,25.8
2017-10-20 12:59:00,34.69,33.8
2017-10-20 13:04:00,34.738,36
2017-10-20 13:09:00,34.838,10
2017-10-20 13:14:00,34.702,19.6
2017-10-20 13:19:00,34.618,4
2017-10-20 13:24:00,34.538,153.4
2017-10-20 13:29:00,34.778,76.6
2017-10-20 13:34:00,34.958,24
2017-10-20 13:39:00,34.99,19
2017-10-20 13:44:00,35.122,12.2
2017-10-20 13:49:00,35.29,10
2017-10-20 13:54:00,35.542,19.6
2017-10-20 13:59:00,35.706,14.4
2017-10-20 14:04:00,35.866,32
2017-10-20 14:09:00,35.922,40
2017-10-20 14:14:00,36.046,47.6
2017-10-20 14:19:00,36.166,26.8
2017-10-20 14:24:00,36.194,40
2017-10-20 14:29:00,36.182,115.6
2017-10-20 14:34:00,36.142,167.4
2017-10-20 14:39:00,36.126,172
2017-10-20 14:44:00,35.902,47
2017-10-20 14:49:00,35.798,57.2
2017-10-20 14:54:00,35.786,22.8
2017-10-20 14:59:00,35.754,130.8
2017-10-20 15:04:00,35.578,197
2017-10-20 15:09:00,35.434,111.8
2017-10-20 15:14:00,35.494,117.6
2017-10-20 15:19:00,35.442,134
2017-10-20 15:24:00,35.166,148.2
2017-10-20 15:29:00,35.158,190.6
2017-10-20 15:34:00,35.102,30.8
2017-10-20 15:39:00,34.842,3.2
2017-10-20 15:44:00,34.822,4.8
2017-10-20 15:49:00,34.942,64.8
2017-10-20 15:54:00,35.106,5.6
2017-10-20 15:59:00,35.194,11.4
2017-10-20 16:04:00,35.234,18.2
2017-10-20 16:09:00,34.878,18.8
2017-10-20 16:14:00,34.822,23.6
2017-10-20 16:19:00,34.998,36
2017-10-20 16:24:00,34.846,48.4
2017-10-20 16:29:00,34.83,1.2
2017-10-20 16:34:00,35.054,0
2017-10-20 16:39:00,35.286,57
2017-10-20 16:44:00,35.29,192.2
2017-10-20 16:49:00,34.514,222
2017-10-20 16:54:00,33.738,225
2017-10-20 16:59:00,33.054,282.8
2017-10-20 17:04:00,32.238,206.4
2017-10-20 17:09:00,32.39,185.2
2017-10-20 17:14:00,32.726,142
2017-10-20 17:19:00,32.434,277.8
2017-10-20 17:24:00,31.87,303.6
2017-10-20 17:29:00,31.2166666666667,272.666666666667
2017-10-20 17:34:00,NA,NA
2017-10-20 17:39:00,NA,NA
2017-10-20 17:44:00,NA,NA
2017-10-20 17:49:00,NA,NA
2017-10-20 17:54:00,NA,NA
2017-10-20 17:59:00,NA,NA
2017-10-20 18:04:00,NA,NA
2017-10-20 18:09:00,NA,NA
2017-10-20 18:14:00,NA,NA
2017-10-20 18:19:00,NA,NA
2017-10-20 18:24:00,NA,NA
2017-10-20 18:29:00,NA,NA
2017-10-20 18:34:00,32.018,16
2017-10-20 18:39:00,32.198,21.6
2017-10-20 18:44:00,32.45,90.4
2017-10-20 18:49:00,32.378,35.2
2017-10-20 18:54:00,32.37,47.6
2017-10-20 18:59:00,32.434,144.4
2017-10-20 19:04:00,32.63,36.4
2017-10-20 19:09:00,32.51,132.4
2017-10-20 19:14:00,32.638,69.4
2017-10-20 19:19:00,32.686,57.2
2017-10-20 19:24:00,33.138,11.2
2017-10-20 19:29:00,33.29,2.8
2017-10-20 19:34:00,32.802,8.8
2017-10-20 19:39:00,32.218,39.6
2017-10-20 19:44:00,32.466,22.4
2017-10-20 19:49:00,32.754,4.8
2017-10-20 19:54:00,32.994,18
2017-10-20 19:59:00,33.43,24
2017-10-20 20:04:00,33.926,6.4
2017-10-20 20:09:00,34.106,2.4
2017-10-20 20:14:00,34.034,9.2
2017-10-20 20:19:00,33.946,76.2
2017-10-20 20:24:00,34.098,197
2017-10-20 20:29:00,33.794,26.8
2017-10-20 20:34:00,34.142,0.4
2017-10-20 20:39:00,34.686,5.2
2017-10-20 20:44:00,34.938,9.2
2017-10-20 20:49:00,35.154,7.6
2017-10-20 20:54:00,35.178,1.6
2017-10-20 20:59:00,35.102,0.8
2017-10-20 21:04:00,34.958,7.2
2017-10-20 21:09:00,35.058,2.8
2017-10-20 21:14:00,34.67,8.8
2017-10-20 21:19:00,34.242,9.2
2017-10-20 21:24:00,33.93,5.2
2017-10-20 21:29:00,33.75,3.6
2017-10-20 21:34:00,33.654,8
2017-10-20 21:39:00,33.638,6
2017-10-20 21:44:00,33.582,10
2017-10-20 21:49:00,33.526,12.8
2017-10-20 21:54:00,33.626,21.2
2017-10-20 21:59:00,33.774,6.8
2017-10-20 22:04:00,33.866,4.4
2017-10-20 22:09:00,33.97,12.4
2017-10-20 22:14:00,33.994,7.6
2017-10-20 22:19:00,34.042,4.4
2017-10-20 22:24:00,34.082,3.6
2017-10-20 22:29:00,34.154,8.8
2017-10-20 22:34:00,34.358,7.2
2017-10-20 22:39:00,34.506,23.6
2017-10-20 22:44:00,34.682,4.8
2017-10-20 22:49:00,34.614,6
2017-10-20 22:54:00,34.47,8
2017-10-20 22:59:00,34.254,4.8
2017-10-20 23:04:00,34.158,30.4
2017-10-20 23:09:00,34.262,7.2
2017-10-20 23:14:00,34.258,9.6
2017-10-20 23:19:00,34.19,54.4
2017-10-20 23:24:00,33.738,77.2
2017-10-20 23:29:00,33.638,0
2017-10-20 23:34:00,33.806,7.2
2017-10-20 23:39:00,34.082,0
2017-10-20 23:44:00,34.326,5.6
2017-10-20 23:49:00,34.326,0.8
2017-10-20 23:54:00,34.494,0.4
2017-10-20 23:59:00,34.582,4
2017-10-21 00:04:00,34.722,2.8
2017-10-21 00:09:00,34.762,2.4
2017-10-21 00:14:00,34.794,3.6
2017-10-21 00:19:00,34.874,1.2
2017-10-21 00:24:00,34.998,1.2
2017-10-21 00:29:00,35.074,4.4
2017-10-21 00:34:00,35.27,5.6
2017-10-21 00:39:00,35.502,4.4
2017-10-21 00:44:00,35.558,0.8
2017-10-21 00:49:00,35.574,4
2017-10-21 00:54:00,35.606,2
2017-10-21 00:59:00,35.638,2.4
2017-10-21 01:04:00,35.674,1.2
2017-10-21 01:09:00,35.706,2.8
2017-10-21 01:14:00,35.73,8.8
2017-10-21 01:19:00,35.69,2
2017-10-21 01:24:00,35.566,2.8
2017-10-21 01:29:00,35.486,2
2017-10-21 01:34:00,35.422,3.2
2017-10-21 01:39:00,35.282,3.2
2017-10-21 01:44:00,35.218,4.4
2017-10-21 01:49:00,34.386,9.2
2017-10-21 01:54:00,34.278,7.2
2017-10-21 01:59:00,34.138,0
2017-10-21 02:04:00,34.194,0.4
2017-10-21 02:09:00,34.314,3.6
2017-10-21 02:14:00,34.546,0.4
2017-10-21 02:19:00,34.61,8
2017-10-21 02:24:00,34.598,1.6
2017-10-21 02:29:00,34.762,4.8
2017-10-21 02:34:00,34.858,6.4
2017-10-21 02:39:00,34.902,4
2017-10-21 02:44:00,34.746,4.4
2017-10-21 02:49:00,34.806,1.6
2017-10-21 02:54:00,34.882,0.8
2017-10-21 02:59:00,35.006,0.8
2017-10-21 03:04:00,35.158,0.4
2017-10-21 03:09:00,35.282,0.4
2017-10-21 03:14:00,35.318,4.8
2017-10-21 03:19:00,35.29,0.8
2017-10-21 03:24:00,35.322,1.6
2017-10-21 03:29:00,35.278,7.2
2017-10-21 03:34:00,35.346,0.8
2017-10-21 03:39:00,35.61,18.8
2017-10-21 03:44:00,35.682,5.6
2017-10-21 03:49:00,34.93,3.2
2017-10-21 03:54:00,34.726,12
2017-10-21 03:59:00,34.214,11.2
2017-10-21 04:04:00,33.758,3.6
2017-10-21 04:09:00,34.362,0.4
2017-10-21 04:14:00,34.338,6
2017-10-21 04:19:00,34.018,17.2
2017-10-21 04:24:00,34.99,0
2017-10-21 04:29:00,35.03,0.8
2017-10-21 04:34:00,35.254,8.4
2017-10-21 04:39:00,35.198,6.4
2017-10-21 04:44:00,34.95,0.4
2017-10-21 04:49:00,34.894,4.4
2017-10-21 04:54:00,34.91,0.8
2017-10-21 04:59:00,35.03,2.8
2017-10-21 05:04:00,35.134,3.6
2017-10-21 05:09:00,35.25,2.4
2017-10-21 05:14:00,35.322,3.2
2017-10-21 05:19:00,35.458,14
2017-10-21 05:24:00,35.346,12.2
2017-10-21 05:29:00,35.338,23.2
2017-10-21 05:34:00,35.122,18.4
2017-10-21 05:39:00,34.822,11.2
2017-10-21 05:44:00,34.682,2
2017-10-21 05:49:00,35.106,27.2
2017-10-21 05:54:00,35.29,6.4
2017-10-21 05:59:00,35.186,26.8
2017-10-21 06:04:00,34.902,8.4
2017-10-21 06:09:00,34.878,2.4
2017-10-21 06:14:00,34.894,0
2017-10-21 06:19:00,34.958,8.8
2017-10-21 06:24:00,35.038,0.4
2017-10-21 06:29:00,35.106,7.2
2017-10-21 06:34:00,35.142,1.2
2017-10-21 06:39:00,35.25,3.2
2017-10-21 06:44:00,35.49,18
2017-10-21 06:49:00,35.802,8.8
2017-10-21 06:54:00,35.498,22.4
2017-10-21 06:59:00,35.434,12
2017-10-21 07:04:00,35.69,29.2
2017-10-21 07:09:00,35.25,3.2
2017-10-21 07:14:00,35.274,12
2017-10-21 07:19:00,35.45,40
2017-10-21 07:24:00,35.098,22
2017-10-21 07:29:00,35.054,118.4
2017-10-21 07:34:00,34.334,173.4
2017-10-21 07:39:00,33.446,139
2017-10-21 07:44:00,33.19,127.2
2017-10-21 07:49:00,33.182,58.8
2017-10-21 07:54:00,33.142,5.2
2017-10-21 07:59:00,33.034,10
2017-10-21 08:04:00,32.87,27.4
2017-10-21 08:09:00,33.182,12.6
2017-10-21 08:14:00,33.874,8
2017-10-21 08:19:00,34.254,3.6
2017-10-21 08:24:00,34.67,16.4
2017-10-21 08:29:00,34.458,3.2
2017-10-21 08:34:00,34.202,8.4
2017-10-21 08:39:00,34.178,19.2
2017-10-21 08:44:00,33.986,31.2
2017-10-21 08:49:00,34.346,39
2017-10-21 08:54:00,34.358,190.4
2017-10-21 08:59:00,34.258,252.4
2017-10-21 09:04:00,34.342,333.4
2017-10-21 09:09:00,34.478,230.4
2017-10-21 09:14:00,34.562,95.6
2017-10-21 09:19:00,34.65,294.6
2017-10-21 09:24:00,34.746,214.8
2017-10-21 09:29:00,34.806,175.6
2017-10-21 09:34:00,34.894,262
2017-10-21 09:39:00,34.998,192
2017-10-21 09:44:00,35.114,198.2
2017-10-21 09:49:00,35.21,167.8
2017-10-21 09:54:00,35.29,259
2017-10-21 09:59:00,35.406,291
2017-10-21 10:04:00,35.454,88
2017-10-21 10:09:00,35.502,68
2017-10-21 10:14:00,35.594,74.4
2017-10-21 10:19:00,35.638,54.8
2017-10-21 10:24:00,35.706,0.4
2017-10-21 10:29:00,35.426,135.6
2017-10-21 10:34:00,35.022,10.8
2017-10-21 10:39:00,34.886,8.8
2017-10-21 10:44:00,34.822,1.2
2017-10-21 10:49:00,34.83,34.8
2017-10-21 10:54:00,34.942,108.8
2017-10-21 10:59:00,34.706,111.6
2017-10-21 11:04:00,34.698,142
2017-10-21 11:09:00,34.234,82
2017-10-21 11:14:00,34.082,38
2017-10-21 11:19:00,33.93,16
2017-10-21 11:24:00,34.01,3.2
2017-10-21 11:29:00,34.106,10
2017-10-21 11:34:00,34.218,10
2017-10-21 11:39:00,34.294,11.2
2017-10-21 11:44:00,34.438,4.8
2017-10-21 11:49:00,34.598,10.4
2017-10-21 11:54:00,34.774,16.8
2017-10-21 11:59:00,34.958,16.8
2017-10-21 12:04:00,35.226,12.4
2017-10-21 12:09:00,35.502,10
2017-10-21 12:14:00,35.71,7.6
2017-10-21 12:19:00,35.866,12
2017-10-21 12:24:00,36.014,12
2017-10-21 12:29:00,36.194,20.4
2017-10-21 12:34:00,36.234,20.4
2017-10-21 12:39:00,36.274,30.8
2017-10-21 12:44:00,36.266,5.6
2017-10-21 12:49:00,36.174,4.8
2017-10-21 12:54:00,36.054,2.4
2017-10-21 12:59:00,35.998,7.6
2017-10-21 13:04:00,36.054,3.2
2017-10-21 13:09:00,36.086,11.2
2017-10-21 13:14:00,36.158,13.2
2017-10-21 13:19:00,36.186,8.4
2017-10-21 13:24:00,36.234,27.6
2017-10-21 13:29:00,36.234,7.6
2017-10-21 13:34:00,36.242,24.8
2017-10-21 13:39:00,36.266,7.6
2017-10-21 13:44:00,36.274,9.2
2017-10-21 13:49:00,36.25,5.6
2017-10-21 13:54:00,36.114,16.8
2017-10-21 13:59:00,35.926,0.4
2017-10-21 14:04:00,35.906,182.2
2017-10-21 14:09:00,35.31,156.4
2017-10-21 14:14:00,34.702,52.8
2017-10-21 14:19:00,34.438,1.2
2017-10-21 14:24:00,34.234,128.6
2017-10-21 14:29:00,34.198,95.8
2017-10-21 14:34:00,34.05,139.8
2017-10-21 14:39:00,34.138,32
2017-10-21 14:44:00,34.342,66.8
2017-10-21 14:49:00,34.278,19.6
2017-10-21 14:54:00,34.226,29.8
2017-10-21 14:59:00,34.146,39.6
2017-10-21 15:04:00,33.93,14
2017-10-21 15:09:00,33.954,12
2017-10-21 15:14:00,34.114,6.8
2017-10-21 15:19:00,34.238,7.6
2017-10-21 15:24:00,34.462,2
2017-10-21 15:29:00,34.274,9.2
2017-10-21 15:34:00,33.914,6.8
2017-10-21 15:39:00,34.646,34
2017-10-21 15:44:00,34.698,4
2017-10-21 15:49:00,34.582,15.2
2017-10-21 15:54:00,34.494,27.2
2017-10-21 15:59:00,34.418,94.4
2017-10-21 16:04:00,34.258,298.8
2017-10-21 16:09:00,34.354,356
2017-10-21 16:14:00,34.478,310.4
2017-10-21 16:19:00,34.502,204.6
2017-10-21 16:24:00,34.594,235.6
2017-10-21 16:29:00,34.598,85.6
2017-10-21 16:34:00,34.43,7.8
2017-10-21 16:39:00,34.634,11.6
2017-10-21 16:44:00,35.026,2.8
2017-10-21 16:49:00,35.418,10.8
2017-10-21 16:54:00,35.642,10.8
2017-10-21 16:59:00,35.726,110
2017-10-21 17:04:00,35.31,175.8
2017-10-21 17:09:00,34.934,95.2
2017-10-21 17:14:00,34.614,16.4
2017-10-21 17:19:00,34.642,27.6
2017-10-21 17:24:00,34.89,6.8
2017-10-21 17:29:00,35.058,5.2
2017-10-21 17:34:00,35.094,13.4
2017-10-21 17:39:00,35.134,17.4
2017-10-21 17:44:00,35.086,12.8
2017-10-21 17:49:00,35.154,12
2017-10-21 17:54:00,35.194,4.4
2017-10-21 17:59:00,35.202,9.2
2017-10-21 18:04:00,35.286,18.8
2017-10-21 18:09:00,35.47,25.6
2017-10-21 18:14:00,35.622,36.4
2017-10-21 18:19:00,35.802,18
2017-10-21 18:24:00,35.902,38.4
2017-10-21 18:29:00,35.974,42.8
2017-10-21 18:34:00,36.054,24
2017-10-21 18:39:00,36.134,26.4
2017-10-21 18:44:00,36.21,11.2
2017-10-21 18:49:00,36.07,129
2017-10-21 18:54:00,35.582,183.4
2017-10-21 18:59:00,35.09,94.4
2017-10-21 19:04:00,34.63,113.2
2017-10-21 19:09:00,34.43,69.4
2017-10-21 19:14:00,34.69,107.2
2017-10-21 19:19:00,34.714,107.6
2017-10-21 19:24:00,34.542,55.2
2017-10-21 19:29:00,34.47,74
2017-10-21 19:34:00,34.33,70.4
2017-10-21 19:39:00,34.226,52.4
2017-10-21 19:44:00,34.298,118.6
2017-10-21 19:49:00,34.138,21.6
2017-10-21 19:54:00,34.194,3.6
2017-10-21 19:59:00,34.266,32.4
2017-10-21 20:04:00,33.994,1.2
2017-10-21 20:09:00,33.946,5.2
2017-10-21 20:14:00,33.938,4.4
2017-10-21 20:19:00,34.062,17.2
2017-10-21 20:24:00,34.278,8.8
2017-10-21 20:29:00,34.386,81.2
2017-10-21 20:34:00,34.25,175.2
2017-10-21 20:39:00,33.862,107.2
2017-10-21 20:44:00,33.794,29.6
2017-10-21 20:49:00,33.646,10.8
2017-10-21 20:54:00,33.638,41.6
2017-10-21 20:59:00,33.606,6
2017-10-21 21:04:00,33.582,16
2017-10-21 21:09:00,33.23,146
2017-10-21 21:14:00,33.35,26.6
2017-10-21 21:19:00,33.386,12.4
2017-10-21 21:24:00,33.554,7.2
2017-10-21 21:29:00,33.662,17.6
2017-10-21 21:34:00,33.386,15.4
2017-10-21 21:39:00,33.646,38.4
2017-10-21 21:44:00,33.734,22
2017-10-21 21:49:00,34.05,32.4
2017-10-21 21:54:00,34.23,80
2017-10-21 21:59:00,33.986,102
2017-10-21 22:04:00,34.162,12.8
2017-10-21 22:09:00,34.242,40
2017-10-21 22:14:00,34.23,22
2017-10-21 22:19:00,34.27,0
2017-10-21 22:24:00,34.378,0
2017-10-21 22:29:00,34.646,12
2017-10-21 22:34:00,34.942,1.2
2017-10-21 22:39:00,35.014,24
2017-10-21 22:44:00,34.362,47.4
2017-10-21 22:49:00,34.146,12.4
2017-10-21 22:54:00,34.278,16.8
2017-10-21 22:59:00,34.25,0.4
2017-10-21 23:04:00,34.186,1.2
2017-10-21 23:09:00,34.258,5
2017-10-21 23:14:00,34.358,0.8
2017-10-21 23:19:00,34.374,1.6
2017-10-21 23:24:00,34.366,7.6
2017-10-21 23:29:00,34.21,0
2017-10-21 23:34:00,34.258,2
2017-10-21 23:39:00,34.382,9.2
2017-10-21 23:44:00,34.406,1.2
2017-10-21 23:49:00,34.358,0.4
2017-10-21 23:54:00,34.358,1.6
2017-10-21 23:59:00,34.262,11.2
2017-10-22 00:04:00,34.35,2
2017-10-22 00:09:00,34.794,0.8
2017-10-22 00:14:00,35.05,3.6
2017-10-22 00:19:00,35.202,1.6
2017-10-22 00:24:00,35.394,1.2
2017-10-22 00:29:00,35.354,18
2017-10-22 00:34:00,35.582,0
2017-10-22 00:39:00,35.738,0.4
2017-10-22 00:44:00,35.874,0
2017-10-22 00:49:00,35.966,0
2017-10-22 00:54:00,35.966,3.6
2017-10-22 00:59:00,35.918,3.2
2017-10-22 01:04:00,35.926,8.8
2017-10-22 01:09:00,35.998,6.8
2017-10-22 01:14:00,35.726,14.2
2017-10-22 01:19:00,35.506,9.6
2017-10-22 01:24:00,35.186,0
2017-10-22 01:29:00,35.494,14
2017-10-22 01:34:00,35.83,6.4
2017-10-22 01:39:00,35.91,4.8
2017-10-22 01:44:00,35.69,1.6
2017-10-22 01:49:00,35.614,3.2
2017-10-22 01:54:00,35.558,0.4
2017-10-22 01:59:00,35.574,0.4
2017-10-22 02:04:00,35.638,0.4
2017-10-22 02:09:00,35.682,0
2017-10-22 02:14:00,35.706,0
2017-10-22 02:19:00,35.706,6.8
2017-10-22 02:24:00,35.682,0.4
2017-10-22 02:29:00,35.714,0
2017-10-22 02:34:00,35.754,0
2017-10-22 02:39:00,35.77,0
2017-10-22 02:44:00,35.762,4.4
2017-10-22 02:49:00,35.778,2.8
2017-10-22 02:54:00,35.462,14
2017-10-22 02:59:00,35.354,1.6
2017-10-22 03:04:00,35.394,16.8
2017-10-22 03:09:00,35.182,14.4
2017-10-22 03:14:00,35.258,10.4
2017-10-22 03:19:00,35.258,7.2
2017-10-22 03:24:00,35.07,9.2
2017-10-22 03:29:00,34.706,17.6
2017-10-22 03:34:00,34.314,0.8
2017-10-22 03:39:00,34.55,0
2017-10-22 03:44:00,34.834,0.4
2017-10-22 03:49:00,35.138,0
2017-10-22 03:54:00,35.398,0
2017-10-22 03:59:00,35.678,5.2
2017-10-22 04:04:00,35.802,5.6
2017-10-22 04:09:00,35.65,8.4
2017-10-22 04:14:00,35.19,2
2017-10-22 04:19:00,35.018,4.4
2017-10-22 04:24:00,34.974,0.4
2017-10-22 04:29:00,34.982,4.4
2017-10-22 04:34:00,35.014,4
2017-10-22 04:39:00,35.022,5.2
2017-10-22 04:44:00,34.974,1.2
2017-10-22 04:49:00,34.746,7.6
2017-10-22 04:54:00,34.598,1.6
2017-10-22 04:59:00,34.698,14.8
2017-10-22 05:04:00,35.018,8
2017-10-22 05:09:00,35.15,4.4
2017-10-22 05:14:00,35.234,4.8
2017-10-22 05:19:00,35.15,0
2017-10-22 05:24:00,35.178,58
2017-10-22 05:29:00,34.706,19
2017-10-22 05:34:00,34.618,1.2
2017-10-22 05:39:00,34.538,57.6
2017-10-22 05:44:00,34.53,27.6
2017-10-22 05:49:00,34.486,0.8
2017-10-22 05:54:00,34.878,18
2017-10-22 05:59:00,33.706,0.4
2017-10-22 06:04:00,34.014,7.6
2017-10-22 06:09:00,34.106,8
2017-10-22 06:14:00,34.234,13.2
2017-10-22 06:19:00,34.494,5.6
2017-10-22 06:24:00,34.638,4
2017-10-22 06:29:00,34.73,3.6
2017-10-22 06:34:00,34.73,9.6
2017-10-22 06:39:00,34.754,14.8
2017-10-22 06:44:00,34.85,3.2
2017-10-22 06:49:00,34.958,8
2017-10-22 06:54:00,35.334,26.8
2017-10-22 06:59:00,35.266,26.4
2017-10-22 07:04:00,34.982,18.8
2017-10-22 07:09:00,35.186,6
2017-10-22 07:14:00,35.194,8.4
2017-10-22 07:19:00,34.95,0.4
2017-10-22 07:24:00,34.998,0
2017-10-22 07:29:00,35.074,0.4
2017-10-22 07:34:00,35.342,4
2017-10-22 07:39:00,35.87,0.4
2017-10-22 07:44:00,35.81,12.4
2017-10-22 07:49:00,35.71,7.2
2017-10-22 07:54:00,35.454,5.6
2017-10-22 07:59:00,35.638,11.6
2017-10-22 08:04:00,35.638,14.8
2017-10-22 08:09:00,35.722,16.8
2017-10-22 08:14:00,35.886,1.6
2017-10-22 08:19:00,35.914,17.6
2017-10-22 08:24:00,36.034,18.8
2017-10-22 08:29:00,35.998,36.8
2017-10-22 08:34:00,35.766,106.4
2017-10-22 08:39:00,34.95,177.6
2017-10-22 08:44:00,34.026,144.6
2017-10-22 08:49:00,33.682,95
2017-10-22 08:54:00,33.638,10
2017-10-22 08:59:00,33.59,14.4
2017-10-22 09:04:00,33.55,21.2
2017-10-22 09:09:00,33.486,10
2017-10-22 09:14:00,33.534,19.6
2017-10-22 09:19:00,33.762,9.6
2017-10-22 09:24:00,34.026,14
2017-10-22 09:29:00,34.322,3.2
2017-10-22 09:34:00,34.662,10.4
2017-10-22 09:39:00,34.834,11.2
2017-10-22 09:44:00,34.63,8
2017-10-22 09:49:00,35.082,14
2017-10-22 09:54:00,34.99,18.4
2017-10-22 09:59:00,34.818,7.6
2017-10-22 10:04:00,34.766,83.8
2017-10-22 10:09:00,34.462,49.4
2017-10-22 10:14:00,34.462,26
2017-10-22 10:19:00,34.59,76.4
2017-10-22 10:24:00,34.762,148.4
2017-10-22 10:29:00,34.858,94.2
2017-10-22 10:34:00,34.87,186
2017-10-22 10:39:00,NA,NA
2017-10-22 10:44:00,NA,NA
2017-10-22 10:49:00,NA,NA
2017-10-22 10:54:00,NA,NA
2017-10-22 10:59:00,NA,NA
2017-10-22 11:04:00,NA,NA
2017-10-22 11:09:00,NA,NA
2017-10-22 11:14:00,NA,NA
2017-10-22 11:19:00,NA,NA
2017-10-22 11:24:00,NA,NA
2017-10-22 11:29:00,NA,NA
2017-10-22 11:34:00,NA,NA
2017-10-22 11:39:00,NA,NA
2017-10-22 11:44:00,NA,NA
2017-10-22 11:49:00,NA,NA
2017-10-22 11:54:00,NA,NA
2017-10-22 11:59:00,NA,NA
2017-10-22 12:04:00,NA,NA
2017-10-22 12:09:00,NA,NA
2017-10-22 12:14:00,NA,NA
2017-10-22 12:19:00,NA,NA
2017-10-22 12:24:00,NA,NA
2017-10-22 12:29:00,NA,NA
2017-10-22 12:34:00,NA,NA
2017-10-22 12:39:00,NA,NA
2017-10-22 12:44:00,NA,NA
2017-10-22 12:49:00,NA,NA
2017-10-22 12:54:00,NA,NA
2017-10-22 12:59:00,NA,NA
2017-10-22 13:04:00,NA,NA
2017-10-22 13:09:00,NA,NA
2017-10-22 13:14:00,NA,NA
2017-10-22 13:19:00,NA,NA
2017-10-22 13:24:00,NA,NA
2017-10-22 13:29:00,NA,NA
2017-10-22 13:34:00,NA,NA
2017-10-22 13:39:00,NA,NA
2017-10-22 13:44:00,NA,NA
2017-10-22 13:49:00,NA,NA
2017-10-22 13:54:00,NA,NA
2017-10-22 13:59:00,NA,NA
2017-10-22 14:04:00,NA,NA
2017-10-22 14:09:00,NA,NA
2017-10-22 14:14:00,NA,NA
2017-10-22 14:19:00,NA,NA
2017-10-22 14:24:00,NA,NA
2017-10-22 14:29:00,NA,NA
2017-10-22 14:34:00,33.0433333333333,48.6666666666667
2017-10-22 14:39:00,32.986,6.8
2017-10-22 14:44:00,33.27,23.2
2017-10-22 14:49:00,33.762,2.4
2017-10-22 14:54:00,34.174,15.6
2017-10-22 14:59:00,34.758,3.6
2017-10-22 15:04:00,35.138,20
2017-10-22 15:09:00,34.526,66
2017-10-22 15:14:00,34.662,61.6
2017-10-22 15:19:00,34.85,138
2017-10-22 15:24:00,35.07,204
2017-10-22 15:29:00,35.194,56.4
2017-10-22 15:34:00,35.29,146
2017-10-22 15:39:00,35.398,168.8
2017-10-22 15:44:00,35.542,198.4
2017-10-22 15:49:00,35.698,282
2017-10-22 15:54:00,35.842,257.8
2017-10-22 15:59:00,35.99,119.6
2017-10-22 16:04:00,35.842,211
2017-10-22 16:09:00,35.302,99.2
2017-10-22 16:14:00,35.058,5.2
2017-10-22 16:19:00,35.066,5.6
2017-10-22 16:24:00,35.254,68
2017-10-22 16:29:00,35.086,175.6
2017-10-22 16:34:00,34.65,78.8
2017-10-22 16:39:00,34.358,39.6
2017-10-22 16:44:00,34.47,11.6
2017-10-22 16:49:00,34.61,31.6
2017-10-22 16:54:00,34.922,27.2
2017-10-22 16:59:00,34.658,5.2
2017-10-22 17:04:00,34.658,9.2
2017-10-22 17:09:00,34.762,14.8
2017-10-22 17:14:00,34.91,13.4
2017-10-22 17:19:00,35.086,4.8
2017-10-22 17:24:00,35.234,4.8
2017-10-22 17:29:00,35.274,3.6
2017-10-22 17:34:00,35.29,3.6
2017-10-22 17:39:00,35.406,6.8
2017-10-22 17:44:00,35.578,20
2017-10-22 17:49:00,35.762,8.4
2017-10-22 17:54:00,35.69,3.2
2017-10-22 17:59:00,35.602,5.6
2017-10-22 18:04:00,35.674,8
2017-10-22 18:09:00,35.722,8
2017-10-22 18:14:00,35.746,15.2
2017-10-22 18:19:00,35.622,1.6
2017-10-22 18:24:00,35.622,10.4
2017-10-22 18:29:00,35.682,3.6
2017-10-22 18:34:00,35.578,3.6
2017-10-22 18:39:00,35.494,4.4
2017-10-22 18:44:00,35.406,40.4
2017-10-22 18:49:00,35.414,17.6
2017-10-22 18:54:00,35.174,0.4
2017-10-22 18:59:00,35.078,16.8
2017-10-22 19:04:00,35.29,19.2
2017-10-22 19:09:00,35.014,133
2017-10-22 19:14:00,34.498,53.2
2017-10-22 19:19:00,34.546,138.2
2017-10-22 19:24:00,34.43,258
2017-10-22 19:29:00,34.294,214
2017-10-22 19:34:00,34.162,71.2
2017-10-22 19:39:00,34.33,30
2017-10-22 19:44:00,34.39,7.2
2017-10-22 19:49:00,34.43,6.4
2017-10-22 19:54:00,34.358,16.8
2017-10-22 19:59:00,33.862,23.2
2017-10-22 20:04:00,33.706,23.6
2017-10-22 20:09:00,33.946,10.8
2017-10-22 20:14:00,34.034,76.8
2017-10-22 20:19:00,33.994,177.8
2017-10-22 20:24:00,33.39,155.2
2017-10-22 20:29:00,33.434,76.2
2017-10-22 20:34:00,33.598,24.6
2017-10-22 20:39:00,33.606,20.4
2017-10-22 20:44:00,33.506,18.6
2017-10-22 20:49:00,33.458,15.8
2017-10-22 20:54:00,33.402,16.4
2017-10-22 20:59:00,33.35,28
2017-10-22 21:04:00,33.29,22.4
2017-10-22 21:09:00,33.342,22.8
2017-10-22 21:14:00,33.322,9.6
2017-10-22 21:19:00,33.322,2.4
2017-10-22 21:24:00,33.33,0.8
2017-10-22 21:29:00,33.018,36.4
2017-10-22 21:34:00,32.978,22.4
2017-10-22 21:39:00,33.41,44.8
2017-10-22 21:44:00,33.122,6.8
2017-10-22 21:49:00,33.382,27.2
2017-10-22 21:54:00,33.09,9.6
2017-10-22 21:59:00,32.842,9.2
2017-10-22 22:04:00,33.134,3.6
2017-10-22 22:09:00,32.614,24.4
2017-10-22 22:14:00,32.454,30.8
2017-10-22 22:19:00,32.37,8.8
2017-10-22 22:24:00,32.674,93.6
2017-10-22 22:29:00,32.562,92.4
2017-10-22 22:34:00,32.354,5.6
2017-10-22 22:39:00,32.482,10.4
2017-10-22 22:44:00,32.726,27.6
2017-10-22 22:49:00,33.034,17.6
2017-10-22 22:54:00,33.37,0.4
2017-10-22 22:59:00,33.694,0
2017-10-22 23:04:00,33.962,0
2017-10-22 23:09:00,34.202,0
2017-10-22 23:14:00,34.458,5.6
2017-10-22 23:19:00,34.986,0.4
2017-10-22 23:24:00,35.302,0
2017-10-22 23:29:00,35.454,1.2
2017-10-22 23:34:00,35.526,0.4
2017-10-22 23:39:00,35.614,4
2017-10-22 23:44:00,35.49,0.8
2017-10-22 23:49:00,35.314,0
2017-10-22 23:54:00,35.366,0
2017-10-22 23:59:00,35.438,0
2017-10-23 00:04:00,35.502,6.4
2017-10-23 00:09:00,35.53,3.2
2017-10-23 00:14:00,35.526,0
2017-10-23 00:19:00,35.622,0
2017-10-23 00:24:00,35.754,0
2017-10-23 00:29:00,35.834,4.8
2017-10-23 00:34:00,36.014,0.8
2017-10-23 00:39:00,36.022,0.4
2017-10-23 00:44:00,35.958,0.8
2017-10-23 00:49:00,35.934,1.6
2017-10-23 00:54:00,35.878,2.8
2017-10-23 00:59:00,35.642,0.8
2017-10-23 01:04:00,35.494,0.8
2017-10-23 01:09:00,35.634,2.4
2017-10-23 01:14:00,35.802,0
2017-10-23 01:19:00,35.974,0
2017-10-23 01:24:00,36.082,0
2017-10-23 01:29:00,36.166,5.6
2017-10-23 01:34:00,35.634,4.4
2017-10-23 01:39:00,35.078,2
2017-10-23 01:44:00,34.366,6
2017-10-23 01:49:00,34.074,3.2
2017-10-23 01:54:00,34.35,1.6
2017-10-23 01:59:00,34.414,0
2017-10-23 02:04:00,34.51,0
2017-10-23 02:09:00,34.59,0
2017-10-23 02:14:00,34.674,0.8
2017-10-23 02:19:00,34.706,10.8
2017-10-23 02:24:00,34.826,1.6
2017-10-23 02:29:00,34.998,2.4
2017-10-23 02:34:00,35.046,0
2017-10-23 02:39:00,35.094,0.4
2017-10-23 02:44:00,35.21,1.2
2017-10-23 02:49:00,35.222,7.2
2017-10-23 02:54:00,35.054,0.4
2017-10-23 02:59:00,34.99,1.2
2017-10-23 03:04:00,34.874,1.6
2017-10-23 03:09:00,34.706,4.8
2017-10-23 03:14:00,34.594,3.2
2017-10-23 03:19:00,34.21,16.4
2017-10-23 03:24:00,34.074,4.4
2017-10-23 03:29:00,34.358,0.8
2017-10-23 03:34:00,34.614,3.2
2017-10-23 03:39:00,34.642,0
2017-10-23 03:44:00,34.658,1.6
2017-10-23 03:49:00,34.658,6
2017-10-23 03:54:00,34.658,0.4
2017-10-23 03:59:00,34.73,5.6
2017-10-23 04:04:00,34.81,0
2017-10-23 04:09:00,34.822,4
2017-10-23 04:14:00,34.87,5.2
2017-10-23 04:19:00,34.878,0.4
2017-10-23 04:24:00,34.91,4.4
2017-10-23 04:29:00,34.926,7.2
2017-10-23 04:34:00,34.878,5.6
2017-10-23 04:39:00,34.91,8
2017-10-23 04:44:00,34.95,4.8
2017-10-23 04:49:00,35.006,11.2
2017-10-23 04:54:00,35.074,5.8
2017-10-23 04:59:00,35.186,3
2017-10-23 05:04:00,34.362,7.4
2017-10-23 05:09:00,34.534,4.4
2017-10-23 05:14:00,34.682,0
2017-10-23 05:19:00,34.902,5.6
2017-10-23 05:24:00,35.218,140
2017-10-23 05:29:00,34.654,119.2
2017-10-23 05:34:00,34.202,49.8
2017-10-23 05:39:00,33.762,16.6
2017-10-23 05:44:00,33.914,8.8
2017-10-23 05:49:00,34.146,57.8
2017-10-23 05:54:00,33.974,49
2017-10-23 05:59:00,33.954,48
2017-10-23 06:04:00,34.146,32.8
2017-10-23 06:09:00,34.146,149.2
2017-10-23 06:14:00,34.29,131.6
2017-10-23 06:19:00,34.486,87.6
2017-10-23 06:24:00,34.642,119.4
2017-10-23 06:29:00,34.77,100.8
2017-10-23 06:34:00,35.078,157.8
2017-10-23 06:39:00,35.03,160.8
2017-10-23 06:44:00,34.054,151.6
2017-10-23 06:49:00,33.918,150.8
2017-10-23 06:54:00,33.466,187.6
2017-10-23 06:59:00,33.374,50.4
2017-10-23 07:04:00,33.094,24.8
2017-10-23 07:09:00,33.042,120
2017-10-23 07:14:00,32.926,118.6
2017-10-23 07:19:00,32.89,105
2017-10-23 07:24:00,32.57,195.2
2017-10-23 07:29:00,32.586,111.8
2017-10-23 07:34:00,32.1433333333333,191.666666666667
2017-10-23 07:39:00,NA,NA
2017-10-23 07:44:00,NA,NA
2017-10-23 07:49:00,NA,NA
2017-10-23 07:54:00,NA,NA
2017-10-23 07:59:00,NA,NA
2017-10-23 08:04:00,NA,NA
2017-10-23 08:09:00,NA,NA
2017-10-23 08:14:00,NA,NA
2017-10-23 08:19:00,NA,NA
2017-10-23 08:24:00,NA,NA
2017-10-23 08:29:00,NA,NA
2017-10-23 08:34:00,NA,NA
2017-10-23 08:39:00,NA,NA
2017-10-23 08:44:00,NA,NA
2017-10-23 08:49:00,NA,NA
2017-10-23 08:54:00,NA,NA
2017-10-23 08:59:00,NA,NA
2017-10-23 09:04:00,NA,NA
2017-10-23 09:09:00,NA,NA
2017-10-23 09:14:00,NA,NA
2017-10-23 09:19:00,32.07,191.5
2017-10-23 09:24:00,32.142,173
2017-10-23 09:29:00,32.146,177
2017-10-23 09:34:00,31.894,182.4
2017-10-23 09:39:00,31.906,142
2017-10-23 09:44:00,32.03,132.8
2017-10-23 09:49:00,32.014,70.8
2017-10-23 09:54:00,32.09,101.2
2017-10-23 09:59:00,32.046,42.4
2017-10-23 10:04:00,32.302,44.8
2017-10-23 10:09:00,32.554,35.6
2017-10-23 10:14:00,32.53,7.6
2017-10-23 10:19:00,32.55,10
2017-10-23 10:24:00,32.846,69.6
2017-10-23 10:29:00,32.986,5.2
2017-10-23 10:34:00,33.046,10.4
2017-10-23 10:39:00,33.27,42.4
2017-10-23 10:44:00,33.402,22.4
2017-10-23 10:49:00,33.41,11.2
2017-10-23 10:54:00,33.578,21.2
2017-10-23 10:59:00,33.662,64.4
2017-10-23 11:04:00,33.694,186.8
2017-10-23 11:09:00,33.486,68.6
2017-10-23 11:14:00,33.506,141.6
2017-10-23 11:19:00,33.498,13.6
2017-10-23 11:24:00,33.45,113.6
2017-10-23 11:29:00,33.378,116.6
2017-10-23 11:34:00,33.426,184
2017-10-23 11:39:00,33.366,45
2017-10-23 11:44:00,33.166,30
2017-10-23 11:49:00,33.206,21.6
2017-10-23 11:54:00,33.274,16.4
2017-10-23 11:59:00,33.33,38
2017-10-23 12:04:00,33.338,181.8
2017-10-23 12:09:00,33.302,198.8
2017-10-23 12:14:00,33.35,88.4
2017-10-23 12:19:00,33.422,106.8
2017-10-23 12:24:00,33.462,59.2
2017-10-23 12:29:00,33.546,18
2017-10-23 12:34:00,33.654,28.4
2017-10-23 12:39:00,33.838,70.8
2017-10-23 12:44:00,33.986,22.8
2017-10-23 12:49:00,34.034,195.8
2017-10-23 12:54:00,33.97,177.6
2017-10-23 12:59:00,34.074,104.8
2017-10-23 13:04:00,34.202,139.2
2017-10-23 13:09:00,34.25,170.4
2017-10-23 13:14:00,34.286,60.4
2017-10-23 13:19:00,34.162,22.4
2017-10-23 13:24:00,34.43,16
2017-10-23 13:29:00,34.594,14.8
2017-10-23 13:34:00,34.766,177.6
2017-10-23 13:39:00,34.722,140.4
2017-10-23 13:44:00,34.662,204.4
2017-10-23 13:49:00,34.39,90
2017-10-23 13:54:00,34.494,168.4
2017-10-23 13:59:00,34.414,223.2
2017-10-23 14:04:00,34.298,208.6
2017-10-23 14:09:00,34.154,229.8
2017-10-23 14:14:00,33.994,202.2
2017-10-23 14:19:00,34.058,194.8
2017-10-23 14:24:00,34.05,110
2017-10-23 14:29:00,33.962,119.8
2017-10-23 14:34:00,33.842,172.6
2017-10-23 14:39:00,33.778,142
2017-10-23 14:44:00,33.898,104.4
2017-10-23 14:49:00,33.83,118.4
2017-10-23 14:54:00,33.89,151.6
2017-10-23 14:59:00,33.866,163
2017-10-23 15:04:00,33.746,144.2
2017-10-23 15:09:00,33.902,126.2
2017-10-23 15:14:00,33.574,120
2017-10-23 15:19:00,33.482,180.8
2017-10-23 15:24:00,33.21,78.4
2017-10-23 15:29:00,33.418,76.6
2017-10-23 15:34:00,33.418,77.6
2017-10-23 15:39:00,33.534,87.2
2017-10-23 15:44:00,33.622,125.6
2017-10-23 15:49:00,33.77,43.6
2017-10-23 15:54:00,33.866,38.8
2017-10-23 15:59:00,33.698,63.6
2017-10-23 16:04:00,33.402,118
2017-10-23 16:09:00,33.446,159.4
2017-10-23 16:14:00,33.666,78.4
2017-10-23 16:19:00,33.774,77.2
2017-10-23 16:24:00,33.598,178.4
2017-10-23 16:29:00,33.218,98.8
2017-10-23 16:34:00,33.322,129.4
2017-10-23 16:39:00,33.138,59.8
2017-10-23 16:44:00,33.05,47.2
2017-10-23 16:49:00,33.15,29.2
2017-10-23 16:54:00,33.402,124.8
2017-10-23 16:59:00,33.642,74.8
2017-10-23 17:04:00,33.494,73.2
2017-10-23 17:09:00,33.422,127
2017-10-23 17:14:00,33.474,183.6
2017-10-23 17:19:00,33.278,202.8
2017-10-23 17:24:00,33.342,67.4
2017-10-23 17:29:00,33.554,16.4
2017-10-23 17:34:00,33.654,17.2
2017-10-23 17:39:00,34.05,34.6
2017-10-23 17:44:00,34.21,213
2017-10-23 17:49:00,NA,NA
2017-10-23 17:54:00,NA,NA
2017-10-23 17:59:00,NA,NA
2017-10-23 18:04:00,NA,NA
2017-10-23 18:09:00,NA,NA
2017-10-23 18:14:00,NA,NA
2017-10-23 18:19:00,NA,NA
2017-10-23 18:24:00,NA,NA
2017-10-23 18:29:00,NA,NA
2017-10-23 18:34:00,NA,NA
2017-10-23 18:39:00,NA,NA
2017-10-23 18:44:00,NA,NA
2017-10-23 18:49:00,NA,NA
2017-10-23 18:54:00,NA,NA
2017-10-23 18:59:00,NA,NA
2017-10-23 19:04:00,NA,NA
2017-10-23 19:09:00,NA,NA
2017-10-23 19:14:00,NA,NA
2017-10-23 19:19:00,NA,NA
2017-10-23 19:24:00,NA,NA
2017-10-23 19:29:00,NA,NA
2017-10-23 19:34:00,31.9366666666667,231.666666666667
2017-10-23 19:39:00,32.102,170.4
2017-10-23 19:44:00,32.286,156.4
2017-10-23 19:49:00,32.466,148.4
2017-10-23 19:54:00,32.63,124.6
2017-10-23 19:59:00,32.778,136
2017-10-23 20:04:00,32.918,169
2017-10-23 20:09:00,33.054,83.6
2017-10-23 20:14:00,33.222,205.2
2017-10-23 20:19:00,33.418,200
2017-10-23 20:24:00,33.534,158.4
2017-10-23 20:29:00,33.582,25.2
2017-10-23 20:34:00,33.378,1.6
2017-10-23 20:39:00,33.206,41.2
2017-10-23 20:44:00,33.074,164.4
2017-10-23 20:49:00,32.798,90.4
2017-10-23 20:54:00,32.994,82
2017-10-23 20:59:00,32.574,2
2017-10-23 21:04:00,32.474,0
2017-10-23 21:09:00,32.45,6
2017-10-23 21:14:00,32.874,36.8
2017-10-23 21:19:00,32.67,14.4
2017-10-23 21:24:00,32.85,58.4
2017-10-23 21:29:00,33.042,35.6
2017-10-23 21:34:00,33.07,16
2017-10-23 21:39:00,32.762,18.4
2017-10-23 21:44:00,32.266,4.8
2017-10-23 21:49:00,32.478,2.8
2017-10-23 21:54:00,32.894,4
2017-10-23 21:59:00,33.378,25.2
2017-10-23 22:04:00,33.626,120.4
2017-10-23 22:09:00,33.106,21
2017-10-23 22:14:00,33.202,41.8
2017-10-23 22:19:00,33.47,6.4
2017-10-23 22:24:00,33.71,21.2
2017-10-23 22:29:00,33.662,26.8
2017-10-23 22:34:00,33.63,24
2017-10-23 22:39:00,34.47,12.8
2017-10-23 22:44:00,34.722,1.6
2017-10-23 22:49:00,34.818,6.8
2017-10-23 22:54:00,34.918,0.4
2017-10-23 22:59:00,34.866,2.8
2017-10-23 23:04:00,34.91,1.2
2017-10-23 23:09:00,35.014,3.2
2017-10-23 23:14:00,35.25,1.6
2017-10-23 23:19:00,35.658,2
2017-10-23 23:24:00,35.922,4
2017-10-23 23:29:00,36.178,1.2
2017-10-23 23:34:00,36.386,2
2017-10-23 23:39:00,36.462,0
2017-10-23 23:44:00,36.502,5.2
2017-10-23 23:49:00,36.082,16.4
2017-10-23 23:54:00,34.95,5.2
2017-10-23 23:59:00,35.374,0.8
2017-10-24 00:04:00,34.862,0.8
2017-10-24 00:09:00,34.454,0
2017-10-24 00:14:00,34.242,8.4
2017-10-24 00:19:00,34.21,1.2
2017-10-24 00:24:00,34.286,1.6
2017-10-24 00:29:00,34.402,1.6
2017-10-24 00:34:00,34.438,2
2017-10-24 00:39:00,34.43,0.8
2017-10-24 00:44:00,34.43,2.4
2017-10-24 00:49:00,34.406,1.6
2017-10-24 00:54:00,33.886,5.6
2017-10-24 00:59:00,33.03,0.4
2017-10-24 01:04:00,33.498,2
2017-10-24 01:09:00,33.978,0.8
2017-10-24 01:14:00,34.058,0.4
2017-10-24 01:19:00,34.386,7.6
2017-10-24 01:24:00,34.778,10
2017-10-24 01:29:00,34.846,2.4
2017-10-24 01:34:00,34.754,6.8
2017-10-24 01:39:00,33.842,0
2017-10-24 01:44:00,33.842,0
2017-10-24 01:49:00,33.858,0
2017-10-24 01:54:00,33.89,0
2017-10-24 01:59:00,33.938,0
2017-10-24 02:04:00,34.05,0.4
2017-10-24 02:09:00,34.106,0.4
2017-10-24 02:14:00,34.186,0
2017-10-24 02:19:00,34.25,0.4
2017-10-24 02:24:00,34.29,5.6
2017-10-24 02:29:00,35.058,0.4
2017-10-24 02:34:00,34.982,1.2
2017-10-24 02:39:00,34.502,2.8
2017-10-24 02:44:00,33.802,0
2017-10-24 02:49:00,33.834,0
2017-10-24 02:54:00,34.494,1.2
2017-10-24 02:59:00,34.982,4
2017-10-24 03:04:00,34.682,13.6
2017-10-24 03:09:00,33.978,0
2017-10-24 03:14:00,33.898,5.2
2017-10-24 03:19:00,34.154,0.4
2017-10-24 03:24:00,34.186,0.8
2017-10-24 03:29:00,34.09,8.8
2017-10-24 03:34:00,34.29,0.8
2017-10-24 03:39:00,34.594,1.2
2017-10-24 03:44:00,34.846,2
2017-10-24 03:49:00,35.05,0
2017-10-24 03:54:00,35.622,10.8
2017-10-24 03:59:00,35.822,2
2017-10-24 04:04:00,35.658,6
2017-10-24 04:09:00,35.486,3.6
2017-10-24 04:14:00,35.25,5.6
2017-10-24 04:19:00,35.566,14.4
2017-10-24 04:24:00,35.542,20
2017-10-24 04:29:00,35.15,7.2
2017-10-24 04:34:00,34.786,6.8
2017-10-24 04:39:00,34.87,1.2
2017-10-24 04:44:00,35.278,4.8
2017-10-24 04:49:00,35.602,7.2
2017-10-24 04:54:00,35.202,13.2
2017-10-24 04:59:00,34.658,13.2
2017-10-24 05:04:00,34.546,20
2017-10-24 05:09:00,34.186,0
2017-10-24 05:14:00,34.594,9.6
2017-10-24 05:19:00,35.258,14
2017-10-24 05:24:00,35.334,12.4
2017-10-24 05:29:00,35.074,131.4
2017-10-24 05:34:00,34.206,164.4
2017-10-24 05:39:00,34.074,15.2
2017-10-24 05:44:00,34.066,19.2
2017-10-24 05:49:00,34.37,29.6
2017-10-24 05:54:00,34.282,22.8
2017-10-24 05:59:00,34.042,69.6
2017-10-24 06:04:00,34.494,224.8
2017-10-24 06:09:00,34.77,276.8
2017-10-24 06:14:00,35.106,177.4
2017-10-24 06:19:00,35.33,7.2
2017-10-24 06:24:00,35.382,39.2
2017-10-24 06:29:00,34.998,153.2
2017-10-24 06:34:00,34.394,14
2017-10-24 06:39:00,34.294,13.6
2017-10-24 06:44:00,34.082,13.6
2017-10-24 06:49:00,33.898,35
2017-10-24 06:54:00,33.89,98.2
2017-10-24 06:59:00,33.782,214.4
2017-10-24 07:04:00,33.978,193.2
2017-10-24 07:09:00,33.706,176.6
2017-10-24 07:14:00,33.578,216.6
2017-10-24 07:19:00,33.142,234.8
2017-10-24 07:24:00,32.35,320.5
2017-10-24 07:29:00,NA,NA
2017-10-24 07:34:00,NA,NA
2017-10-24 07:39:00,NA,NA
2017-10-24 07:44:00,NA,NA
2017-10-24 07:49:00,NA,NA
2017-10-24 07:54:00,NA,NA
2017-10-24 07:59:00,NA,NA
2017-10-24 08:04:00,NA,NA
2017-10-24 08:09:00,NA,NA
2017-10-24 08:14:00,NA,NA
2017-10-24 08:19:00,NA,NA
2017-10-24 08:24:00,NA,NA
2017-10-24 08:29:00,NA,NA
2017-10-24 08:34:00,31.7,49
2017-10-24 08:39:00,31.946,21.6
2017-10-24 08:44:00,32.258,11.6
2017-10-24 08:49:00,32.486,208.8
2017-10-24 08:54:00,32.678,187.6
2017-10-24 08:59:00,32.178,131.6
2017-10-24 09:04:00,33.11,217.4
2017-10-24 09:09:00,33.378,200.6
2017-10-24 09:14:00,33.594,180.6
2017-10-24 09:19:00,33.546,65.6
2017-10-24 09:24:00,33.81,149
2017-10-24 09:29:00,34.266,95.8
2017-10-24 09:34:00,34.114,166.4
2017-10-24 09:39:00,33.898,207
2017-10-24 09:44:00,33.954,231.4
2017-10-24 09:49:00,33.922,182.6
2017-10-24 09:54:00,33.326,28
2017-10-24 09:59:00,33.53,29.2
2017-10-24 10:04:00,33.678,94
2017-10-24 10:09:00,34.126,80.4
2017-10-24 10:14:00,34.066,191.2
2017-10-24 10:19:00,34.122,170.4
2017-10-24 10:24:00,33.794,196
2017-10-24 10:29:00,33.822,127.2
2017-10-24 10:34:00,33.698,107.6
2017-10-24 10:39:00,33.81,139.6
2017-10-24 10:44:00,33.514,127.2
2017-10-24 10:49:00,33.798,96.4
2017-10-24 10:54:00,33.754,137.6
2017-10-24 10:59:00,33.678,108.2
2017-10-24 11:04:00,33.922,128.2
2017-10-24 11:09:00,34.134,130.4
2017-10-24 11:14:00,34.01,197.6
2017-10-24 11:19:00,34.018,149.8
2017-10-24 11:24:00,34.154,153.8
2017-10-24 11:29:00,34.122,142.6
2017-10-24 11:34:00,34.406,102.6
2017-10-24 11:39:00,34.418,153.4
2017-10-24 11:44:00,34.586,113.2
2017-10-24 11:49:00,34.63,120.4
2017-10-24 11:54:00,34.75,157.4
2017-10-24 11:59:00,34.582,109.6
2017-10-24 12:04:00,34.702,114.4
2017-10-24 12:09:00,34.426,119.2
2017-10-24 12:14:00,34.462,105.4
2017-10-24 12:19:00,34.622,124.4
2017-10-24 12:24:00,34.606,161.2
2017-10-24 12:29:00,34.798,97.4
2017-10-24 12:34:00,34.854,140.6
2017-10-24 12:39:00,34.786,146.8
2017-10-24 12:44:00,34.806,144.4
2017-10-24 12:49:00,34.866,90.4
2017-10-24 12:54:00,34.926,102.2
2017-10-24 12:59:00,35.018,188.4
2017-10-24 13:04:00,34.654,133.8
2017-10-24 13:09:00,34.594,26.8
2017-10-24 13:14:00,34.714,119.2
2017-10-24 13:19:00,34.634,99
2017-10-24 13:24:00,34.426,200.6
2017-10-24 13:29:00,34.382,105.6
2017-10-24 13:34:00,34.31,143.2
2017-10-24 13:39:00,34.602,125.8
2017-10-24 13:44:00,34.666,154.8
2017-10-24 13:49:00,34.622,139
2017-10-24 13:54:00,34.63,180.8
2017-10-24 13:59:00,34.506,183.4
2017-10-24 14:04:00,34.53,89.6
2017-10-24 14:09:00,34.266,72.2
2017-10-24 14:14:00,34.774,180.2
2017-10-24 14:19:00,34.618,85.2
2017-10-24 14:24:00,34.722,98.6
2017-10-24 14:29:00,35.07,101.6
2017-10-24 14:34:00,35.19,176.2
2017-10-24 14:39:00,35.226,192
2017-10-24 14:44:00,35.082,177.2
2017-10-24 14:49:00,35.038,155.2
2017-10-24 14:54:00,35.106,163.6
2017-10-24 14:59:00,34.91,32.2
2017-10-24 15:04:00,35.158,94.8
2017-10-24 15:09:00,35.062,60
2017-10-24 15:14:00,34.982,91.8
2017-10-24 15:19:00,35.082,162
2017-10-24 15:24:00,35.122,124.6
2017-10-24 15:29:00,34.754,103.6
2017-10-24 15:34:00,34.59,184
2017-10-24 15:39:00,34.642,85
2017-10-24 15:44:00,34.382,37
2017-10-24 15:49:00,34.698,75
2017-10-24 15:54:00,34.666,24.4
2017-10-24 15:59:00,34.918,26.2
2017-10-24 16:04:00,34.834,26.8
2017-10-24 16:09:00,34.834,36.4
2017-10-24 16:14:00,34.918,64.6
2017-10-24 16:19:00,35.01,132
2017-10-24 16:24:00,34.826,97.6
2017-10-24 16:29:00,34.566,91.6
2017-10-24 16:34:00,34.178,74
2017-10-24 16:39:00,34.194,162
2017-10-24 16:44:00,34.142,114.8
2017-10-24 16:49:00,34.51,107.2
2017-10-24 16:54:00,34.042,88
2017-10-24 16:59:00,34.182,153.6
2017-10-24 17:04:00,34.278,137.2
2017-10-24 17:09:00,34.202,133.8
2017-10-24 17:14:00,34.278,159.6
2017-10-24 17:19:00,34.354,138.6
2017-10-24 17:24:00,34.198,193
2017-10-24 17:29:00,34.018,193.8
2017-10-24 17:34:00,33.942,204.8
2017-10-24 17:39:00,33.93,229.2
2017-10-24 17:44:00,33.77,226.8
2017-10-24 17:49:00,33.618,193
2017-10-24 17:54:00,33.97,105.6
2017-10-24 17:59:00,34.31,123
2017-10-24 18:04:00,33.87,157.4
2017-10-24 18:09:00,33.558,151.4
2017-10-24 18:14:00,33.55,153.6
2017-10-24 18:19:00,33.81,90.4
2017-10-24 18:24:00,33.898,150
2017-10-24 18:29:00,33.446,170.8
2017-10-24 18:34:00,33.442,122.8
2017-10-24 18:39:00,33.73,152.4
2017-10-24 18:44:00,33.614,173.6
2017-10-24 18:49:00,33.57,152.6
2017-10-24 18:54:00,33.606,141.8
2017-10-24 18:59:00,33.666,223.6
2017-10-24 19:04:00,33.09,230.4
2017-10-24 19:09:00,32.738,227.6
2017-10-24 19:14:00,32.438,232.2
2017-10-24 19:19:00,32.15,218
2017-10-24 19:24:00,NA,NA
2017-10-24 19:29:00,NA,NA
2017-10-24 19:34:00,NA,NA
2017-10-24 19:39:00,NA,NA
2017-10-24 19:44:00,NA,NA
2017-10-24 19:49:00,NA,NA
2017-10-24 19:54:00,NA,NA
2017-10-24 19:59:00,NA,NA
2017-10-24 20:04:00,NA,NA
2017-10-24 20:09:00,NA,NA
2017-10-24 20:14:00,NA,NA
2017-10-24 20:19:00,NA,NA
2017-10-24 20:24:00,NA,NA
2017-10-24 20:29:00,NA,NA
2017-10-24 20:34:00,NA,NA
2017-10-24 20:39:00,NA,NA
2017-10-24 20:44:00,NA,NA
2017-10-24 20:49:00,NA,NA
2017-10-24 20:54:00,NA,NA
2017-10-24 20:59:00,NA,NA
2017-10-24 21:04:00,NA,NA
2017-10-24 21:09:00,NA,NA
2017-10-24 21:14:00,NA,NA
2017-10-24 21:19:00,NA,NA
2017-10-24 21:24:00,NA,NA
2017-10-24 21:29:00,32.07,93
2017-10-24 21:34:00,32.214,13.6
2017-10-24 21:39:00,32.598,30
2017-10-24 21:44:00,32.614,0
2017-10-24 21:49:00,32.646,6
2017-10-24 21:54:00,32.794,0.4
2017-10-24 21:59:00,33.058,0.4
2017-10-24 22:04:00,33.406,9.2
2017-10-24 22:09:00,33.902,4.4
2017-10-24 22:14:00,34.31,0.4
2017-10-24 22:19:00,34.654,0.4
2017-10-24 22:24:00,35.158,16
2017-10-24 22:29:00,35.234,6
2017-10-24 22:34:00,35.522,4.8
2017-10-24 22:39:00,35.554,24
2017-10-24 22:44:00,35.314,0
2017-10-24 22:49:00,35.402,0.4
2017-10-24 22:54:00,35.542,0.4
2017-10-24 22:59:00,35.67,0
2017-10-24 23:04:00,35.73,15
2017-10-24 23:09:00,35.406,0
2017-10-24 23:14:00,34.994,0.8
2017-10-24 23:19:00,34.722,0
2017-10-24 23:24:00,34.526,0
2017-10-24 23:29:00,34.418,10
2017-10-24 23:34:00,34.218,12
2017-10-24 23:39:00,33.71,0.4
2017-10-24 23:44:00,34.39,10.8
2017-10-24 23:49:00,35.158,7.6
2017-10-24 23:54:00,35.198,7.6
2017-10-24 23:59:00,35.478,61
2017-10-25 00:04:00,34.834,139.4
2017-10-25 00:09:00,33.838,0
2017-10-25 00:14:00,33.87,5.6
2017-10-25 00:19:00,34.138,20
2017-10-25 00:24:00,34.614,1.6
2017-10-25 00:29:00,35.146,10.8
2017-10-25 00:34:00,35.594,0.4
2017-10-25 00:39:00,35.73,0.4
2017-10-25 00:44:00,35.866,0
2017-10-25 00:49:00,35.99,2.4
2017-10-25 00:54:00,36.046,1.2
2017-10-25 00:59:00,36.182,0.4
2017-10-25 01:04:00,36.306,0.8
2017-10-25 01:09:00,36.362,9.6
2017-10-25 01:14:00,36.298,0
2017-10-25 01:19:00,36.218,0.8
2017-10-25 01:24:00,36.202,4.4
2017-10-25 01:29:00,36.07,6.4
2017-10-25 01:34:00,35.562,12
2017-10-25 01:39:00,35.462,0.8
2017-10-25 01:44:00,35.658,10
2017-10-25 01:49:00,35.714,11.8
2017-10-25 01:54:00,35.39,0.8
2017-10-25 01:59:00,35.242,0.4
2017-10-25 02:04:00,35.17,0.4
2017-10-25 02:09:00,35.134,9.2
2017-10-25 02:14:00,35.266,0
2017-10-25 02:19:00,35.298,0.8
2017-10-25 02:24:00,35.31,6
2017-10-25 02:29:00,35.394,0
2017-10-25 02:34:00,35.342,0
2017-10-25 02:39:00,35.482,9.2
2017-10-25 02:44:00,35.282,10
2017-10-25 02:49:00,35.258,0
2017-10-25 02:54:00,35.242,13.2
2017-10-25 02:59:00,35.022,2.4
2017-10-25 03:04:00,35.058,0
2017-10-25 03:09:00,35.278,15.2
2017-10-25 03:14:00,35.322,21.2
2017-10-25 03:19:00,34.886,24.4
2017-10-25 03:24:00,34.814,12.8
2017-10-25 03:29:00,34.178,9.6
2017-10-25 03:34:00,34.47,15.6
2017-10-25 03:39:00,34.294,4
2017-10-25 03:44:00,34.378,0.4
2017-10-25 03:49:00,34.582,0.4
2017-10-25 03:54:00,34.674,4.4
2017-10-25 03:59:00,34.178,11.2
2017-10-25 04:04:00,34.25,4.4
2017-10-25 04:09:00,34.902,0
2017-10-25 04:14:00,35.322,2.8
2017-10-25 04:19:00,35.894,4.4
2017-10-25 04:24:00,35.89,4.8
2017-10-25 04:29:00,35.602,8
2017-10-25 04:34:00,35.766,11.2
2017-10-25 04:39:00,35.682,19.4
2017-10-25 04:44:00,35.366,16.4
2017-10-25 04:49:00,35.25,0.4
2017-10-25 04:54:00,35.11,7.6
2017-10-25 04:59:00,34.95,10.8
2017-10-25 05:04:00,35.062,10.4
2017-10-25 05:09:00,35.01,7.2
2017-10-25 05:14:00,35.41,22.4
2017-10-25 05:19:00,35.398,13.2
2017-10-25 05:24:00,35.398,9.2
2017-10-25 05:29:00,35.478,17.2
2017-10-25 05:34:00,35.678,8.4
2017-10-25 05:39:00,35.71,24.8
2017-10-25 05:44:00,35.846,8.4
2017-10-25 05:49:00,35.678,153.2
2017-10-25 05:54:00,35.106,46.8
2017-10-25 05:59:00,34.726,20.4
2017-10-25 06:04:00,34.562,52.4
2017-10-25 06:09:00,34.146,60
2017-10-25 06:14:00,34.262,17.6
2017-10-25 06:19:00,34.462,23.6
2017-10-25 06:24:00,34.69,3.6
2017-10-25 06:29:00,34.854,1.6
2017-10-25 06:34:00,34.922,210.2
2017-10-25 06:39:00,34.438,86.2
2017-10-25 06:44:00,34.258,76
2017-10-25 06:49:00,34.138,170
2017-10-25 06:54:00,33.79,22.8
2017-10-25 06:59:00,33.67,14.8
2017-10-25 07:04:00,33.786,24.8
2017-10-25 07:09:00,33.91,116.2
2017-10-25 07:14:00,33.778,208.2
2017-10-25 07:19:00,33.638,191.8
2017-10-25 07:24:00,33.098,290.4
2017-10-25 07:29:00,NA,NA
2017-10-25 07:34:00,NA,NA
2017-10-25 07:39:00,NA,NA
2017-10-25 07:44:00,NA,NA
2017-10-25 07:49:00,NA,NA
2017-10-25 07:54:00,NA,NA
2017-10-25 07:59:00,NA,NA
2017-10-25 08:04:00,NA,NA
2017-10-25 08:09:00,NA,NA
2017-10-25 08:14:00,NA,NA
2017-10-25 08:19:00,NA,NA
2017-10-25 08:24:00,NA,NA
2017-10-25 08:29:00,NA,NA
2017-10-25 08:34:00,NA,NA
2017-10-25 08:39:00,32.63,33
2017-10-25 08:44:00,32.622,49.8
2017-10-25 08:49:00,32.838,17.2
2017-10-25 08:54:00,33.37,41.6
2017-10-25 08:59:00,33.678,43.6
2017-10-25 09:04:00,33.93,25.2
2017-10-25 09:09:00,34.31,21.6
2017-10-25 09:14:00,34.554,30.4
2017-10-25 09:19:00,34.63,51.2
2017-10-25 09:24:00,34.654,42.4
2017-10-25 09:29:00,34.862,34
2017-10-25 09:34:00,34.874,62
2017-10-25 09:39:00,34.95,98.2
2017-10-25 09:44:00,34.958,32.2
2017-10-25 09:49:00,35.15,98.8
2017-10-25 09:54:00,35.114,176.2
2017-10-25 09:59:00,35.034,77.6
2017-10-25 10:04:00,34.958,118
2017-10-25 10:09:00,35.17,86.2
2017-10-25 10:14:00,35.278,168.4
2017-10-25 10:19:00,35.002,181
2017-10-25 10:24:00,34.674,149.4
2017-10-25 10:29:00,34.69,172
2017-10-25 10:34:00,34.69,127.6
2017-10-25 10:39:00,34.85,128.2
2017-10-25 10:44:00,34.954,176
2017-10-25 10:49:00,35.058,136
2017-10-25 10:54:00,35.21,127.2
2017-10-25 10:59:00,34.89,64
2017-10-25 11:04:00,34.99,90.8
2017-10-25 11:09:00,35.166,154
2017-10-25 11:14:00,35.31,152.8
2017-10-25 11:19:00,35.314,110
2017-10-25 11:24:00,35.398,123.6
2017-10-25 11:29:00,35.314,100
2017-10-25 11:34:00,35.25,105.2
2017-10-25 11:39:00,35.002,102.8
2017-10-25 11:44:00,35.006,153.2
2017-10-25 11:49:00,34.362,170.4
2017-10-25 11:54:00,34.622,150.8
2017-10-25 11:59:00,34.49,131
2017-10-25 12:04:00,34.478,90.4
2017-10-25 12:09:00,34.494,78.6
2017-10-25 12:14:00,34.558,133.8
2017-10-25 12:19:00,34.618,109.6
2017-10-25 12:24:00,34.294,227.2
2017-10-25 12:29:00,34.026,198.2
2017-10-25 12:34:00,33.854,178
2017-10-25 12:39:00,33.618,126.4
2017-10-25 12:44:00,33.67,61.2
2017-10-25 12:49:00,33.662,86
2017-10-25 12:54:00,33.546,83.6
2017-10-25 12:59:00,33.526,133.2
2017-10-25 13:04:00,33.542,103.2
2017-10-25 13:09:00,33.826,140.4
2017-10-25 13:14:00,34.146,141.8
2017-10-25 13:19:00,34.502,124.2
2017-10-25 13:24:00,34.726,50
2017-10-25 13:29:00,34.974,169.4
2017-10-25 13:34:00,34.946,103.8
2017-10-25 13:39:00,35.046,179.6
2017-10-25 13:44:00,35.054,167.6
2017-10-25 13:49:00,35.258,29.6
2017-10-25 13:54:00,35.418,149.2
2017-10-25 13:59:00,35.294,206
2017-10-25 14:04:00,35.458,188.8
2017-10-25 14:09:00,35.49,205.8
2017-10-25 14:14:00,35.51,218.2
2017-10-25 14:19:00,35.414,168.8
2017-10-25 14:24:00,35.43,170.6
2017-10-25 14:29:00,35.526,151.6
2017-10-25 14:34:00,35.578,142.4
2017-10-25 14:39:00,35.602,202
2017-10-25 14:44:00,35.586,197.2
2017-10-25 14:49:00,35.542,174.6
2017-10-25 14:54:00,35.562,165.2
2017-10-25 14:59:00,35.526,109.4
2017-10-25 15:04:00,35.626,60.2
2017-10-25 15:09:00,35.698,145.4
2017-10-25 15:14:00,35.698,184.4
2017-10-25 15:19:00,35.578,217.4
2017-10-25 15:24:00,35.398,191.4
2017-10-25 15:29:00,35.402,220.6
2017-10-25 15:34:00,35.114,187
2017-10-25 15:39:00,34.686,194.8
2017-10-25 15:44:00,34.694,174.8
2017-10-25 15:49:00,34.358,143.6
2017-10-25 15:54:00,34.094,142.2
2017-10-25 15:59:00,34.094,159.4
2017-10-25 16:04:00,34.446,213.2
2017-10-25 16:09:00,34.298,188.4
2017-10-25 16:14:00,34.322,168
2017-10-25 16:19:00,34.586,134.8
2017-10-25 16:24:00,34.978,40.8
2017-10-25 16:29:00,35.154,29.6
2017-10-25 16:34:00,35.226,27.8
2017-10-25 16:39:00,35.226,31
2017-10-25 16:44:00,35.282,44.8
2017-10-25 16:49:00,35.382,83.2
2017-10-25 16:54:00,35.394,106.2
2017-10-25 16:59:00,35.486,165.4
2017-10-25 17:04:00,35.47,205.6
2017-10-25 17:09:00,35.486,189.6
2017-10-25 17:14:00,35.646,210.2
2017-10-25 17:19:00,35.682,221.8
2017-10-25 17:24:00,35.354,180.6
2017-10-25 17:29:00,35.226,20.4
2017-10-25 17:34:00,35.05,140.8
2017-10-25 17:39:00,34.962,189.2
2017-10-25 17:44:00,34.378,106.4
2017-10-25 17:49:00,34.418,28.8
2017-10-25 17:54:00,34.594,142.2
2017-10-25 17:59:00,34.654,238
2017-10-25 18:04:00,34.294,225.8
2017-10-25 18:09:00,33.354,302.2
2017-10-25 18:14:00,32.202,224.8
2017-10-25 18:19:00,NA,NA
2017-10-25 18:24:00,NA,NA
2017-10-25 18:29:00,NA,NA
2017-10-25 18:34:00,NA,NA
2017-10-25 18:39:00,NA,NA
2017-10-25 18:44:00,33.87,303.666666666667
2017-10-25 18:49:00,33.254,310
2017-10-25 18:54:00,33.126,318.6
2017-10-25 18:59:00,32.918,319.2
2017-10-25 19:04:00,32.842,294.6
2017-10-25 19:09:00,32.555,214.5
2017-10-25 19:14:00,NA,NA
2017-10-25 19:19:00,NA,NA
2017-10-25 19:24:00,NA,NA
2017-10-25 19:29:00,NA,NA
2017-10-25 19:34:00,NA,NA
2017-10-25 19:39:00,NA,NA
2017-10-25 19:44:00,NA,NA
2017-10-25 19:49:00,NA,NA
2017-10-25 19:54:00,NA,NA
2017-10-25 19:59:00,NA,NA
2017-10-25 20:04:00,NA,NA
2017-10-25 20:09:00,NA,NA
2017-10-25 20:14:00,NA,NA
2017-10-25 20:19:00,NA,NA
2017-10-25 20:24:00,NA,NA
2017-10-25 20:29:00,NA,NA
2017-10-25 20:34:00,NA,NA
2017-10-25 20:39:00,NA,NA
2017-10-25 20:44:00,NA,NA
2017-10-25 20:49:00,NA,NA
2017-10-25 20:54:00,NA,NA
2017-10-25 20:59:00,NA,NA
2017-10-25 21:04:00,NA,NA
2017-10-25 21:09:00,NA,NA
2017-10-25 21:14:00,NA,NA
2017-10-25 21:19:00,NA,NA
2017-10-25 21:24:00,NA,NA
2017-10-25 21:29:00,NA,NA
2017-10-25 21:34:00,33.5433333333333,7.33333333333333
2017-10-25 21:39:00,33.398,21.6
2017-10-25 21:44:00,32.698,8.4
2017-10-25 21:49:00,32.69,23.2
2017-10-25 21:54:00,32.818,0.4
2017-10-25 21:59:00,32.914,14.4
2017-10-25 22:04:00,33.198,0.8
2017-10-25 22:09:00,33.23,1.6
2017-10-25 22:14:00,33.234,1.2
2017-10-25 22:19:00,33.206,0.8
2017-10-25 22:24:00,33.082,9.2
2017-10-25 22:29:00,33.03,0
2017-10-25 22:34:00,33.35,4.8
2017-10-25 22:39:00,33.682,6.8
2017-10-25 22:44:00,33.954,1.2
2017-10-25 22:49:00,33.746,0
2017-10-25 22:54:00,33.89,4.8
2017-10-25 22:59:00,34.49,0
2017-10-25 23:04:00,34.974,1.6
2017-10-25 23:09:00,35.03,10
2017-10-25 23:14:00,34.534,1.6
2017-10-25 23:19:00,34.178,12.8
2017-10-25 23:24:00,34.21,0
2017-10-25 23:29:00,34.45,0
2017-10-25 23:34:00,34.646,0
2017-10-25 23:39:00,34.79,1.2
2017-10-25 23:44:00,34.91,2
2017-10-25 23:49:00,34.99,1.6
2017-10-25 23:54:00,35.054,1.6
2017-10-25 23:59:00,35.054,5.6
2017-10-26 00:04:00,34.942,0
2017-10-26 00:09:00,34.942,0
2017-10-26 00:14:00,34.95,3.6
2017-10-26 00:19:00,34.858,7.6
2017-10-26 00:24:00,34.826,0
2017-10-26 00:29:00,34.91,0
2017-10-26 00:34:00,35.038,7.2
2017-10-26 00:39:00,35.018,6.8
2017-10-26 00:44:00,34.578,1.2
2017-10-26 00:49:00,33.938,7.6
2017-10-26 00:54:00,33.842,0
2017-10-26 00:59:00,33.93,2
2017-10-26 01:04:00,33.97,0
2017-10-26 01:09:00,34.138,0
2017-10-26 01:14:00,34.258,0
2017-10-26 01:19:00,34.422,0
2017-10-26 01:24:00,34.478,0
2017-10-26 01:29:00,34.558,0
2017-10-26 01:34:00,34.586,0
2017-10-26 01:39:00,34.702,13.6
2017-10-26 01:44:00,34.402,9.2
2017-10-26 01:49:00,34.162,5.2
2017-10-26 01:54:00,34.09,8
2017-10-26 01:59:00,33.718,0
2017-10-26 02:04:00,33.766,4.8
2017-10-26 02:09:00,33.866,7.6
2017-10-26 02:14:00,33.986,4.8
2017-10-26 02:19:00,34.17,2
2017-10-26 02:24:00,34.25,0.8
2017-10-26 02:29:00,34.362,5.2
2017-10-26 02:34:00,34.462,0.4
2017-10-26 02:39:00,34.574,10.4
2017-10-26 02:44:00,34.618,0.4
2017-10-26 02:49:00,34.714,5.2
2017-10-26 02:54:00,34.73,4.8
2017-10-26 02:59:00,34.598,4.4
2017-10-26 03:04:00,34.814,0.4
2017-10-26 03:09:00,34.914,0.4
2017-10-26 03:14:00,35.006,4.4
2017-10-26 03:19:00,35.022,0
2017-10-26 03:24:00,35.082,0
2017-10-26 03:29:00,35.154,0
2017-10-26 03:34:00,35.202,0
2017-10-26 03:39:00,35.266,0
2017-10-26 03:44:00,35.266,0
2017-10-26 03:49:00,35.306,9.2
2017-10-26 03:54:00,35.366,0.4
2017-10-26 03:59:00,35.398,22.8
2017-10-26 04:04:00,34.882,86.8
2017-10-26 04:09:00,34.066,10
2017-10-26 04:14:00,34.378,1.6
2017-10-26 04:19:00,34.658,11.2
2017-10-26 04:24:00,34.894,0.8
2017-10-26 04:29:00,35.114,0.4
2017-10-26 04:34:00,35.378,1.2
2017-10-26 04:39:00,35.606,7.2
2017-10-26 04:44:00,35.786,7.6
2017-10-26 04:49:00,35.882,6
2017-10-26 04:54:00,36.006,8
2017-10-26 04:59:00,35.918,24.4
2017-10-26 05:04:00,35.514,10
2017-10-26 05:09:00,35.43,0
2017-10-26 05:14:00,35.478,4
2017-10-26 05:19:00,35.518,3.6
2017-10-26 05:24:00,35.622,24.8
2017-10-26 05:29:00,35.55,14.4
2017-10-26 05:34:00,35.362,12.4
2017-10-26 05:39:00,35.366,31.2
2017-10-26 05:44:00,35.298,31.6
2017-10-26 05:49:00,34.902,199.8
2017-10-26 05:54:00,34.23,61
2017-10-26 05:59:00,34.002,38.4
2017-10-26 06:04:00,33.822,67.6
2017-10-26 06:09:00,33.774,43.2
2017-10-26 06:14:00,33.63,128.4
2017-10-26 06:19:00,33.694,87.2
2017-10-26 06:24:00,33.726,62
2017-10-26 06:29:00,33.934,199.2
2017-10-26 06:34:00,34.21,123.8
2017-10-26 06:39:00,33.838,115.6
2017-10-26 06:44:00,33.846,236.4
2017-10-26 06:49:00,33.262,134.4
2017-10-26 06:54:00,32.89,38
2017-10-26 06:59:00,32.838,106.4
2017-10-26 07:04:00,32.694,205.4
2017-10-26 07:09:00,32.342,207.4
2017-10-26 07:14:00,32.65,232
2017-10-26 07:19:00,NA,NA
2017-10-26 07:24:00,NA,NA
2017-10-26 07:29:00,NA,NA
2017-10-26 07:34:00,NA,NA
2017-10-26 07:39:00,NA,NA
2017-10-26 07:44:00,NA,NA
2017-10-26 07:49:00,NA,NA
2017-10-26 07:54:00,NA,NA
2017-10-26 07:59:00,NA,NA
2017-10-26 08:04:00,NA,NA
2017-10-26 08:09:00,NA,NA
2017-10-26 08:14:00,NA,NA
2017-10-26 08:19:00,NA,NA
2017-10-26 08:24:00,NA,NA
2017-10-26 08:29:00,NA,NA
2017-10-26 08:34:00,NA,NA
2017-10-26 08:39:00,32.314,165.8
2017-10-26 08:44:00,32.346,45.8
2017-10-26 08:49:00,32.398,35.2
2017-10-26 08:54:00,32.73,25.2
2017-10-26 08:59:00,33.03,40.8
2017-10-26 09:04:00,33.274,8
2017-10-26 09:09:00,33.566,52
2017-10-26 09:14:00,34.246,110.6
2017-10-26 09:19:00,33.762,86.2
2017-10-26 09:24:00,33.866,31.8
2017-10-26 09:29:00,34.05,56.2
2017-10-26 09:34:00,34.262,38.2
2017-10-26 09:39:00,34.318,204
2017-10-26 09:44:00,34.198,154.6
2017-10-26 09:49:00,34.01,181.6
2017-10-26 09:54:00,33.89,205.2
2017-10-26 09:59:00,33.63,60
2017-10-26 10:04:00,33.794,64.8
2017-10-26 10:09:00,33.978,194.8
2017-10-26 10:14:00,33.886,204.4
2017-10-26 10:19:00,33.714,155.8
2017-10-26 10:24:00,33.49,142.4
2017-10-26 10:29:00,33.454,136
2017-10-26 10:34:00,34.266,45.2
2017-10-26 10:39:00,34.474,74.6
2017-10-26 10:44:00,34.014,86.4
2017-10-26 10:49:00,33.678,98.8
2017-10-26 10:54:00,33.954,82.4
2017-10-26 10:59:00,33.83,152
2017-10-26 11:04:00,33.646,53.4
2017-10-26 11:09:00,33.39,37.6
2017-10-26 11:14:00,33.59,4.8
2017-10-26 11:19:00,33.746,15.2
2017-10-26 11:24:00,33.75,15.2
2017-10-26 11:29:00,33.986,36
2017-10-26 11:34:00,34.01,39.2
2017-10-26 11:39:00,34.178,25.6
2017-10-26 11:44:00,34.522,36
2017-10-26 11:49:00,34.69,29.2
2017-10-26 11:54:00,34.91,14
2017-10-26 11:59:00,34.79,162.2
2017-10-26 12:04:00,34.39,132
2017-10-26 12:09:00,34.538,156
2017-10-26 12:14:00,34.41,138
2017-10-26 12:19:00,34.242,199
2017-10-26 12:24:00,34.114,78.6
2017-10-26 12:29:00,33.986,48.4
2017-10-26 12:34:00,34.178,119.6
2017-10-26 12:39:00,34.354,85.2
2017-10-26 12:44:00,34.27,15.6
2017-10-26 12:49:00,34.226,95.6
2017-10-26 12:54:00,34.194,53.2
2017-10-26 12:59:00,34.326,98.2
2017-10-26 13:04:00,34.454,117.2
2017-10-26 13:09:00,34.422,178.4
2017-10-26 13:14:00,34.398,102.8
2017-10-26 13:19:00,34.278,33.8
2017-10-26 13:24:00,34.274,56
2017-10-26 13:29:00,34.466,95.8
2017-10-26 13:34:00,34.43,152
2017-10-26 13:39:00,34.378,100
2017-10-26 13:44:00,34.31,173.4
2017-10-26 13:49:00,34.294,190.2
2017-10-26 13:54:00,34.194,155
2017-10-26 13:59:00,34.09,34.4
2017-10-26 14:04:00,34.426,44.4
2017-10-26 14:09:00,34.55,70.4
2017-10-26 14:14:00,34.646,53.6
2017-10-26 14:19:00,34.774,26
2017-10-26 14:24:00,34.95,95.4
2017-10-26 14:29:00,34.942,38.8
2017-10-26 14:34:00,35.094,173.6
2017-10-26 14:39:00,35.006,212.6
2017-10-26 14:44:00,34.554,186.4
2017-10-26 14:49:00,34.438,122.4
2017-10-26 14:54:00,34.554,27.2
2017-10-26 14:59:00,34.706,27.6
2017-10-26 15:04:00,34.858,19.6
2017-10-26 15:09:00,34.982,21.2
2017-10-26 15:14:00,35.562,32.2
2017-10-26 15:19:00,35.598,9
2017-10-26 15:24:00,35.718,22.4
2017-10-26 15:29:00,35.766,8.4
2017-10-26 15:34:00,35.542,87.2
2017-10-26 15:39:00,35.442,104.2
2017-10-26 15:44:00,35.406,138.2
2017-10-26 15:49:00,35.234,156.4
2017-10-26 15:54:00,34.974,172
2017-10-26 15:59:00,34.642,40
2017-10-26 16:04:00,34.722,4.8
2017-10-26 16:09:00,34.902,39.2
2017-10-26 16:14:00,35.086,35.6
2017-10-26 16:19:00,35.21,46
2017-10-26 16:24:00,35.274,60.4
2017-10-26 16:29:00,35.29,7.6
2017-10-26 16:34:00,35.314,63.4
2017-10-26 16:39:00,35.334,24
2017-10-26 16:44:00,35.346,95
2017-10-26 16:49:00,35.342,177.4
2017-10-26 16:54:00,34.978,141.2
2017-10-26 16:59:00,34.874,20
2017-10-26 17:04:00,34.762,30
2017-10-26 17:09:00,34.918,42.8
2017-10-26 17:14:00,35.09,25.2
2017-10-26 17:19:00,35.202,36.4
2017-10-26 17:24:00,35.338,44.8
2017-10-26 17:29:00,35.402,32
2017-10-26 17:34:00,35.43,97.5
2017-10-26 17:39:00,NA,NA
2017-10-26 17:44:00,NA,NA
2017-10-26 17:49:00,NA,NA
2017-10-26 17:54:00,NA,NA
2017-10-26 17:59:00,NA,NA
2017-10-26 18:04:00,31.95,200.8
2017-10-26 18:09:00,32.05,221.6
2017-10-26 18:14:00,32.062,298
2017-10-26 18:19:00,32.382,306.4
2017-10-26 18:24:00,33.014,235.2
